placeId,address,sub_channel,phone,latitude,longitude,googleUrl,outlet_name
JsTpq3ev9DDkR0O-1bp-RW_4," 21/31K, Mall Rd, near Vishwavidyalaya Metro Station, Banarsi Das Estate, Civil Lines, Delhi, 110054",Grocery store, 077770 33033,28.6947175,77.21651,https://www.google.com/maps/place/Modern+Bazaar/data=!4m7!3m6!1s0x390cfdebdd6a3ab1:0xfe5b919f6eb5efd0!8m2!3d28.6947175!4d77.21651!16s%2Fg%2F11s7jx19dn!19sChIJsTpq3ev9DDkR0O-1bp-RW_4?authuser=0&hl=en&rclk=1,Modern Bazaar
JP9KuO6T9DDkRg_sOT9R_kHU," 13, Sham Nath Marg, Railway Colony, Civil Lines, Delhi, 110054",Grocery store, 011 2398 9368,28.6765319,77.2252272,https://www.google.com/maps/place/The+Exchange+Stores/data=!4m7!3m6!1s0x390cfda43baed23f:0x75907fd44f0efb83!8m2!3d28.6765319!4d77.2252272!16s%2Fg%2F1tdwt1bh!19sChIJP9KuO6T9DDkRg_sOT9R_kHU?authuser=0&hl=en&rclk=1,The Exchange Stores
J78HUmqb9DDkRB5iwIaEhysY," Property No. 27, Sham Nath Marg, opposite Sant Parmanand Hospital, Railway Colony, Civil Lines, Delhi, 110054",Department store, 011 2391 1334,28.6778253,77.2253,https://www.google.com/maps/place/Manglam+Departmental+Store/data=!4m7!3m6!1s0x390cfda69ad4c1ef:0xc6ca21a121b09807!8m2!3d28.6778253!4d77.2253!16s%2Fg%2F1v_z2qhj!19sChIJ78HUmqb9DDkRB5iwIaEhysY?authuser=0&hl=en&rclk=1,Manglam Departmental Store
Jm1wjnFH9DDkRnnwvBrchRmI," Sant Parmanand Hospital, 18, Sham Nath Marg, Civil Lines, New Delhi, Delhi, 110054 Located in: Sant Parmanand Hospital, Civil Lines, Delhi",Convenience store, 011 4165 5798,28.6780363,77.2242095,https://www.google.com/maps/place/24SEVEN/data=!4m7!3m6!1s0x390cfd519c235c9b:0x624621b7062f7c9e!8m2!3d28.6780363!4d77.2242095!16s%2Fg%2F11h7kc0p3m!19sChIJm1wjnFH9DDkRnnwvBrchRmI?authuser=0&hl=en&rclk=1,24SEVEN
JTbM5gLz9DDkRva7HfnGZI1k," M6MF+H7R, P and T Colony, P&T Colony, Civil Lines, Delhi, 110054",Grocery store, 011 2905 1908,28.6839908,77.2231544,https://www.google.com/maps/place/Kendriya+Bhandar/data=!4m7!3m6!1s0x390cfdbc8039b34d:0x592399717ec7aebd!8m2!3d28.6839908!4d77.2231544!16s%2Fg%2F11gcn1867c!19sChIJTbM5gLz9DDkRva7HfnGZI1k?authuser=0&hl=en&rclk=1,Kendriya Bhandar
JS62Nc5z9DDkRy7qkpJAIwZk," 1611, Ground Floor, Outram Lines, GTB Nagar, Delhi, 110009",Indian grocery store, 078381 09489,28.7011025,77.2087729,"https://www.google.com/maps/place/JIAA+Stores-+Quality+Dry+Fruits,+Grocery+%26+Pansari+Items/data=!4m7!3m6!1s0x390cfd9c738dad4b:0x99c10890a4a4bacb!8m2!3d28.7011025!4d77.2087729!16s%2Fg%2F11t2fv_0dl!19sChIJS62Nc5z9DDkRy7qkpJAIwZk?authuser=0&hl=en&rclk=1","JIAA Stores- Quality Dry Fruits, Grocery & Pansari Items"
JY8E2ReD9DDkRdzUsOvyDrpw," 858, Banda Bahadur Marg, Mukherjee Nagar, Delhi, 110009",Grocery store, 078387 37439,28.7128012,77.21548,https://www.google.com/maps/place/MUNAFA+MART/data=!4m7!3m6!1s0x390cfde04536c163:0x9cae83fc3a2c3577!8m2!3d28.7128012!4d77.21548!16s%2Fg%2F11f5db7h0z!19sChIJY8E2ReD9DDkRdzUsOvyDrpw?authuser=0&hl=en&rclk=1,MUNAFA MART
J92ek18P9DDkRzULU9A0osg0," M6XC+995, Banarsi Das Estate, Timarpur, Delhi, 110054",Grocery store, 011 2905 1909,28.6983911,77.2209974,https://www.google.com/maps/place/Kendriya+Bhandar/data=!4m7!3m6!1s0x390cfdc3d7a467f7:0xdb2280df4d442cd!8m2!3d28.6983911!4d77.2209974!16s%2Fg%2F11c3ty1mny!19sChIJ92ek18P9DDkRzULU9A0osg0?authuser=0&hl=en&rclk=1,Kendriya Bhandar
JbwJMHwL9DDkRQ-krqWJMFcE," D-381, D Block, Nehru Vihar, Mukherjee Nagar, Delhi, 110054",Grocery store, 096431 73380,28.7104837,77.2231605,https://www.google.com/maps/place/Goyel+General+Store/data=!4m7!3m6!1s0x390cfd021f4c026f:0xc1154c62a92be943!8m2!3d28.7104837!4d77.2231605!16s%2Fg%2F11rn1pvl6l!19sChIJbwJMHwL9DDkRQ-krqWJMFcE?authuser=0&hl=en&rclk=1,Goyel General Store
JlTia5CcDDTkR68Fw0K72vfY," basement of Hotel, Southern Building, 18/2, Arya Samaj Rd, Block 18, WEA, Karol Bagh, New Delhi, Delhi, 110005",Grocery store, 083685 01419,28.6463617,77.1953729,https://www.google.com/maps/place/Southern+Super+Market/data=!4m7!3m6!1s0x390d0327e49a3895:0xf6bdf6aed070c1eb!8m2!3d28.6463617!4d77.1953729!16s%2Fg%2F11f3wcy8b8!19sChIJlTia5CcDDTkR68Fw0K72vfY?authuser=0&hl=en&rclk=1,Southern Super Market
JEWNDOeH9DDkRqZ71aK71B5g," C 123, 124, C Block, Nehru Vihar, Mukherjee Nagar, Delhi, 110054",Grocery store, 099530 74422,28.7105806,77.2190358,https://www.google.com/maps/place/Shiv+Shakti+Store/data=!4m7!3m6!1s0x390cfde139436311:0x9807f5ae68f59ea9!8m2!3d28.7105806!4d77.2190358!16s%2Fg%2F1hm45_4w2!19sChIJEWNDOeH9DDkRqZ71aK71B5g?authuser=0&hl=en&rclk=1,Shiv Shakti Store
J44bGqU_9DDkRVpn_ufkwh0I," Wazirabad, New Delhi, Delhi, 110084",Indian grocery storeOpen ⋅ Closes 10 pm, 092136 26839,28.7147862,77.2287852,https://www.google.com/maps/place/Jharkhand+Store/data=!4m7!3m6!1s0x390cfd4fa9c686e3:0x428730f9b9ff9956!8m2!3d28.7147862!4d77.2287852!16s%2Fg%2F11ff1xxtx2!19sChIJ44bGqU_9DDkRVpn_ufkwh0I?authuser=0&hl=en&rclk=1,Jharkhand Store
JAZTkm0D9DDkRiNvjgW1e-E8," Shop, 4980, Ramdwara Rd, Nehru Bazar, Paharganj, New Delhi, Delhi 110055",Grocery delivery service, 011 2358 8413,28.6401539,77.2129815,https://www.google.com/maps/place/Wasanda+Ram+Ram+Saran+Dass+Grocery+Store/data=!4m7!3m6!1s0x390cfd409be49401:0x4ff85e6d81e3db88!8m2!3d28.6401539!4d77.2129815!16s%2Fg%2F1tcxh4k9!19sChIJAZTkm0D9DDkRiNvjgW1e-E8?authuser=0&hl=en&rclk=1,Wasanda Ram Ram Saran Dass Grocery Store
JO-ivo04CDTkRu-xilHDRCr0," Triveni Tower, 189-191 Rampura Marg, Lawrence Rd, near Mother Dairy, Delhi, 110035",Grocery store, 092107 97023,28.6782599,77.1549913,https://www.google.com/maps/place/Triveni+Trading+Co./data=!4m7!3m6!1s0x390d024ea3afe83b:0xbd0ad1709462ecbb!8m2!3d28.6782599!4d77.1549913!16s%2Fg%2F1txy0q8y!19sChIJO-ivo04CDTkRu-xilHDRCr0?authuser=0&hl=en&rclk=1,Triveni Trading Co.
JL3WbaYICDTkR9JNvpxs1WwU," 56, 4419, Block 29, Block 1, Regar Pura, Karol Bagh, New Delhi, Delhi, 110005",Grocery store, 099109 21092,28.6504647,77.1873937,https://www.google.com/maps/place/Madan+Lal+%26+Sons/data=!4m7!3m6!1s0x390d0282699b752f:0x55b351ba76f93f4!8m2!3d28.6504647!4d77.1873937!16s%2Fg%2F1thgfdl8!19sChIJL3WbaYICDTkR9JNvpxs1WwU?authuser=0&hl=en&rclk=1,Madan Lal & Sons
JIfIKm5r9DDkRmkHdJSONvSw," Ground Floor, Plot No. 23, Sai Dhaam, Bungalow Rd, Block UA, Jawahar Nagar, Kamla Nagar, Delhi, 110007",Convenience store, 011 4567 0844,28.6787597,77.208046,https://www.google.com/maps/place/24SEVEN+-+Kamla+Nagar/data=!4m7!3m6!1s0x390cfd9a9b0af221:0x2cbd8d2325dd419a!8m2!3d28.6787597!4d77.208046!16s%2Fg%2F1q6bcmx67!19sChIJIfIKm5r9DDkRmkHdJSONvSw?authuser=0&hl=en&rclk=1,24SEVEN - Kamla Nagar
JUwwvzZz9DDkRp3ZTruybiKk," Shop No. Main Bazar, Road,, 93, GT Karnal Rd, Block 25, Sabzi Mandi Old, New Delhi, Delhi 110007",Indian grocery store, 088006 49823,28.6717044,77.2063374,https://www.google.com/maps/place/Deepa+Kirana+Store/data=!4m7!3m6!1s0x390cfd9ccd2f0c53:0xa9889becae5376a7!8m2!3d28.6717044!4d77.2063374!16s%2Fg%2F11cn35pgfb!19sChIJUwwvzZz9DDkRp3ZTruybiKk?authuser=0&hl=en&rclk=1,Deepa Kirana Store
J82YDG5X9DDkRxszjDL-gVv8," 7/4, Vishvavidalaya Marg, Faculty of Science, University Enclave, Delhi, 110007",Grocery store, 011 2766 2469,28.6899452,77.2151663,https://www.google.com/maps/place/Kendriya+Bhandar+%28Utility+centre%29/data=!4m7!3m6!1s0x390cfd951b0366f3:0xff56a0bf0ce3ccc6!8m2!3d28.6899452!4d77.2151663!16s%2Fg%2F11c2nlj0gk!19sChIJ82YDG5X9DDkRxszjDL-gVv8?authuser=0&hl=en&rclk=1,Kendriya Bhandar (Utility centre)
Ju7FmWTYdDTkR0myjh2gsTvQ," PKT G-27, SHOP, NO. 206-207, Pocket G-27, Sector 3, Rohini, Delhi, 110085",Indian grocery store, 080769 20125,28.7045712,77.1039702,https://www.google.com/maps/place/Bachat+Bazaar/data=!4m7!3m6!1s0x390d1d365966b1bb:0xf44e2c6887a36cd2!8m2!3d28.7045712!4d77.1039702!16s%2Fg%2F11c60b_65x!19sChIJu7FmWTYdDTkR0myjh2gsTvQ?authuser=0&hl=en&rclk=1,Bachat Bazaar
J8yMPoAz9DDkRlI1q7o6Bnwo," 17, MCD Store, Main Bazar Subzi Mandi, Clock Tower, Delhi, 110007",Produce market, 099104 64216,28.6755604,77.2033205,https://www.google.com/maps/place/Vegetari.in+-+Buy+Fresh+Fruits+and+Vegetables+Grocery+Online/data=!4m7!3m6!1s0x390cfd0ca00f23f3:0xa9f818eee6a8d94!8m2!3d28.6755604!4d77.2033205!16s%2Fg%2F11m0f99s6h!19sChIJ8yMPoAz9DDkRlI1q7o6Bnwo?authuser=0&hl=en&rclk=1,Vegetari.in - Buy Fresh Fruits and Vegetables Grocery Online
JQaShPYX9DDkRGntoSBM78HU," 1618 Chandrawal Road Ghanta Ghar, New Chandrawal Road, Ghanta Ghar Rd, Kamla Nagar, Delhi, 110007",Grocery store, 098110 95016,28.6774523,77.2047527,https://www.google.com/maps/place/Yadav+Namkeen+%26+Bakers/data=!4m7!3m6!1s0x390cfd853da1a441:0x75f03b1348687b1a!8m2!3d28.6774523!4d77.2047527!16s%2Fg%2F1tcwpj8n!19sChIJQaShPYX9DDkRGntoSBM78HU?authuser=0&hl=en&rclk=1,Yadav Namkeen & Bakers
J7VlvruL9DDkRQfufE_NejhY," 35, UB, Block UA, Jawahar Nagar, Kamla Nagar, Delhi, 110007",Italian grocery store, 081301 63787,28.6807272,77.207513,https://www.google.com/maps/place/Pasta+Strike/data=!4m7!3m6!1s0x390cfde2ae6f59ed:0x168e5ef3139ffb41!8m2!3d28.6807272!4d77.207513!16s%2Fg%2F11t6nlf514!19sChIJ7VlvruL9DDkRQfufE_NejhY?authuser=0&hl=en&rclk=1,Pasta Strike
Jq41dUcABDTkRwBQ47--xVes," Ground Floor, Garg Trade Centre, Rithala Rd, near Indian Petrol Pump, Sector 11E, Rohini, New Delhi, Delhi, 110085 Located in: Garg Trade Center Mall",Hypermarket, 1800 891 0001,28.7345091,77.1140089,https://www.google.com/maps/place/Reliance+SMART+Superstore/data=!4m7!3m6!1s0x390d01c0515d8dab:0xeb55b1efef3814c0!8m2!3d28.7345091!4d77.1140089!16s%2Fg%2F11fkxqj3t6!19sChIJq41dUcABDTkRwBQ47--xVes?authuser=0&hl=en&rclk=1,Reliance SMART Superstore
J5TVyHzoBDTkRoB3GrDSrgbw," C-4/37 Ground Floor, Sector 11, Rohini, Delhi 110085",Grocery store, 070420 50063,28.733989,77.11529,https://www.google.com/maps/place/Rohini+Bazar%2F+shubh+ENTERPRISES/data=!4m7!3m6!1s0x390d013a1f7235e5:0xbc81ab34acc61da0!8m2!3d28.733989!4d77.11529!16s%2Fg%2F11cn3p28bz!19sChIJ5TVyHzoBDTkRoB3GrDSrgbw?authuser=0&hl=en&rclk=1,Rohini Bazar/ shubh ENTERPRISES
JV9CnfuQDDTkR84aCTXRXu4Q," LG-1, Vikas Surya Shopping Mall, Mangalam Place, Rohini, Delhi, 110085",Indian grocery store, 093112 39211,28.6997153,77.1176907,https://www.google.com/maps/place/Rajmandir+Hypermarket+Rohini/data=!4m7!3m6!1s0x390d03e47ea7d057:0x84bb57744d8286f3!8m2!3d28.6997153!4d77.1176907!16s%2Fg%2F11c6z1qyg6!19sChIJV9CnfuQDDTkR84aCTXRXu4Q?authuser=0&hl=en&rclk=1,Rajmandir Hypermarket Rohini
JVVVAdcUDDTkR--0pRFUXFow," City Centre, opp. Rajiv Gandhi Cancer Institute, Swarn Jayanti Park, Sector 10, Rohini West, New Delhi, Delhi, 110085 Floor -1 · City Centre Rohini",Hypermarket, 070650 79272,28.7169866,77.1142531,"https://www.google.com/maps/place/More+Hypermart,+City+Centre+Mall+Rohini/data=!4m7!3m6!1s0x390d03c575405555:0x8c1617554429edfb!8m2!3d28.7169866!4d77.1142531!16s%2Fg%2F1td_91j3!19sChIJVVVAdcUDDTkR--0pRFUXFow?authuser=0&hl=en&rclk=1","More Hypermart, City Centre Mall Rohini"
JvbpBx_gDDTkRGvPPuEvMDT0," 154, Mangolpur Kalan, Pocket 4, Sector 2, Rohini, Delhi, 110085",Grocery store, 088829 43481,28.6974417,77.103928,https://www.google.com/maps/place/Puneet+Retails/data=!4m7!3m6!1s0x390d03f8c741babd:0x3d0dcc4bb8cff31a!8m2!3d28.6974417!4d77.103928!16s%2Fg%2F11bx5qcn1_!19sChIJvbpBx_gDDTkRGvPPuEvMDT0?authuser=0&hl=en&rclk=1,Puneet Retails
J5WA7xwMEDTkRbK1hKYNOV9Y," 76, Kanjhawala Rd, Pocket B, Sector 1, Rohini, Delhi, 110085",Hypermarket, 0124 455 5100,28.699351,77.0953225,https://www.google.com/maps/place/Vishal+Mega+Mart/data=!4m7!3m6!1s0x390d0403c73b60e5:0xd6574e832961ad6c!8m2!3d28.699351!4d77.0953225!16s%2Fg%2F11gb3y_hwt!19sChIJ5WA7xwMEDTkRbK1hKYNOV9Y?authuser=0&hl=en&rclk=1,Vishal Mega Mart
JKfmrHgwHDTkRZHMwPNnSu8w," PLOT NO.96 POCKET, 27, Pocket 27, Sector-24, Rohini, Delhi, 110085",Grocery store, 098714 16416,28.7329785,77.0888006,https://www.google.com/maps/place/V4M+The+Super+Market+%28+Sector+-+24+%29/data=!4m7!3m6!1s0x390d070c1eabf929:0xccbbd2d93c307364!8m2!3d28.7329785!4d77.0888006!16s%2Fg%2F11rj_m3fvg!19sChIJKfmrHgwHDTkRZHMwPNnSu8w?authuser=0&hl=en&rclk=1,V4M The Super Market ( Sector - 24 )
J094K3BsBDTkRUPSnubDdasU," H1/70, Pocket 2, Sector 11, Rohini, New Delhi, Delhi, 110085",Dry Fruit Store, 095821 51625,28.7350676,77.112682,"https://www.google.com/maps/place/WE+Grocer+by+GANPATJEE,+Rohini+Wholesale+Dry+Fruit+Store+%28DRY+FRUITS,+SPICES,+KIRANA%29/data=!4m7!3m6!1s0x390d011bdc0aded3:0xc56addb0b9a7f450!8m2!3d28.7350676!4d77.112682!16s%2Fg%2F11p3wh66hx!19sChIJ094K3BsBDTkRUPSnubDdasU?authuser=0&hl=en&rclk=1","WE Grocer by GANPATJEE, Rohini Wholesale Dry Fruit Store (DRY FRUITS, SPICES, KIRANA)"
JZ091wzYBDTkRJq6S6LleZu8," G-1/28, Pocket 1, Sector 11, Rohini, Delhi, 110085",Indian grocery store, 098716 93277,28.7323044,77.1100763,https://www.google.com/maps/place/Need%27s+Departmental+Store/data=!4m7!3m6!1s0x390d0136c3754f67:0xef665eb9e892ae26!8m2!3d28.7323044!4d77.1100763!16s%2Fg%2F1hm47jls7!19sChIJZ091wzYBDTkRJq6S6LleZu8?authuser=0&hl=en&rclk=1,Need's Departmental Store
J64YND2UBDTkRNwq0kDAfLrI," G-15, Tulsi Rd, Prashant Vihar, Sector 14, Rohini, Delhi, 110085, Pincode, 110085",Supermarket, 085954 11093,28.7165696,77.1346305,https://www.google.com/maps/place/More/data=!4m7!3m6!1s0x390d01650f0d86eb:0xb22e1f3090b40a37!8m2!3d28.7165696!4d77.1346305!16s%2Fg%2F11y59q3css!19sChIJ64YND2UBDTkRNwq0kDAfLrI?authuser=0&hl=en&rclk=1,More
JnRYsCk0BDTkRzr8WljbWC8s," GARG TRADE CENTRE, Sector 11, Rohini, Delhi, 110085",Hypermarket, 072178 88090,28.734484,77.11393,https://www.google.com/maps/place/Vishal+Mega+Mart/data=!4m7!3m6!1s0x390d014d0a2c169d:0xcb0bd6369616bfce!8m2!3d28.734484!4d77.11393!16s%2Fg%2F11dfq2hdcq!19sChIJnRYsCk0BDTkRzr8WljbWC8s?authuser=0&hl=en&rclk=1,Vishal Mega Mart
JPRPGtV0HDTkRmp0ri2hMWj0," 112, Pocket 27, Sector-24, Rohini, Delhi, 110085",Grocery store, 095600 14688,28.7315739,77.0874937,https://www.google.com/maps/place/Singh+SuperMart/data=!4m7!3m6!1s0x390d075db5c6133d:0x3d5a4c688b2b9d9a!8m2!3d28.7315739!4d77.0874937!16s%2Fg%2F11s4h7hnf5!19sChIJPRPGtV0HDTkRmp0ri2hMWj0?authuser=0&hl=en&rclk=1,Singh SuperMart
JbUBD2GgHDTkRFCe9lvz11C8," 242-243, Pocket 8, Sector 23, Rohini, New Delhi, Delhi, 110085",Indian grocery store, 095607 84616,28.7220468,77.084133,https://www.google.com/maps/place/NEED%27S+DEPARTMENTAL+STORE/data=!4m7!3m6!1s0x390d0768d843406d:0x2fd4f5fc96bd2714!8m2!3d28.7220468!4d77.084133!16s%2Fg%2F11rgrhlz86!19sChIJbUBD2GgHDTkRFCe9lvz11C8?authuser=0&hl=en&rclk=1,NEED'S DEPARTMENTAL STORE
Jb8QDi4cBDTkRqnr1tZsgRuM," B-53 Yadav Market, Naharpur, Rohini Sector-7, New Delhi, Delhi, 110085 Located in: Rohini",Supermarket, 098731 81515,28.7043499,77.1188113,https://www.google.com/maps/place/V4M+The+Super+Market+%28+Sector+-+7+%29/data=!4m7!3m6!1s0x390d01878b03c46f:0xe346209bb5f57aaa!8m2!3d28.7043499!4d77.1188113!16s%2Fg%2F11sbxz506p!19sChIJb8QDi4cBDTkRqnr1tZsgRuM?authuser=0&hl=en&rclk=1,V4M The Super Market ( Sector - 7 )
JaytbZcYGDTkRe3uAcVy5Dh8," Shop no 74-75, opp. Sangam Apartments, Pocket 13, Sector-24, Rohini, New Delhi, Delhi, 110085",Supermarket, 099114 26026,28.7293542,77.0918801,https://www.google.com/maps/place/Lavins+kwality+store/data=!4m7!3m6!1s0x390d06c6655b2b6b:0x1f0eb95c71807b7b!8m2!3d28.7293542!4d77.0918801!16s%2Fg%2F11ck82_cqn!19sChIJaytbZcYGDTkRe3uAcVy5Dh8?authuser=0&hl=en&rclk=1,Lavins kwality store
JSTWcjMQBDTkRf9rK5mgLEgY," B-6/72, Sector 6 Rd, Pocket 6, Sector 5B, Rohini, Delhi, 110085",Indian grocery store, 087509 60146,28.7125933,77.1084602,https://www.google.com/maps/place/Mariya+South+Indian+Store/data=!4m7!3m6!1s0x390d01c48c9c3549:0x6120b68e6cada7f!8m2!3d28.7125933!4d77.1084602!16s%2Fg%2F11f768cpsh!19sChIJSTWcjMQBDTkRf9rK5mgLEgY?authuser=0&hl=en&rclk=1,Mariya South Indian Store
Jf1kIZrEHDTkR6o4h303A5S8," 22, near De Indian Public School, Pocket 11, Sector-24, Rohini, New Delhi, Delhi, 110085",Grocery store, 097119 50957,28.7295191,77.0871005,https://www.google.com/maps/place/PRUDENCE+GROCERY/data=!4m7!3m6!1s0x390d07b16608597f:0x2fe5c04ddf218eea!8m2!3d28.7295191!4d77.0871005!16s%2Fg%2F11ll7rgnjy!19sChIJf1kIZrEHDTkR6o4h303A5S8?authuser=0&hl=en&rclk=1,PRUDENCE GROCERY
J8bFdjmkBDTkR6twhJdY3cio," Shop No 43, CSC 2, DDA Market, Rajapur, Pocket 33, Sector 13, Rohini, New Delhi, Delhi, 110085",Supermarket, 011 2786 2027,28.7236101,77.1275281,https://www.google.com/maps/place/Little+Modern+Bazaar/data=!4m7!3m6!1s0x390d01698e5db1f1:0x2a7237d62521dcea!8m2!3d28.7236101!4d77.1275281!16s%2Fg%2F11bw7kkphw!19sChIJ8bFdjmkBDTkR6twhJdY3cio?authuser=0&hl=en&rclk=1,Little Modern Bazaar
JQwz-RGcBDTkRYUjEi7h4_3A," Shop no. CSC-5, Gole Market, 22, North, Rajapur, Pocket 12, Sector 9, Rohini, Delhi, 110085",Grocery store, 093122 77759,28.7129705,77.1264012,https://www.google.com/maps/place/Dev+Departmental+Store/data=!4m7!3m6!1s0x390d016744fe0c43:0x70ff78b88bc44861!8m2!3d28.7129705!4d77.1264012!16s%2Fg%2F11bbrnjy4p!19sChIJQwz-RGcBDTkRYUjEi7h4_3A?authuser=0&hl=en&rclk=1,Dev Departmental Store
JlTf0ggAEDTkR4eN5VZKA048," F-22/3, Sector - 3, Rohini, Delhi 110085",Grocery store, 098911 89878,28.7008291,77.1024176,https://www.google.com/maps/place/Anpurna+Super+Store/data=!4m7!3m6!1s0x390d040082f43795:0x8fd380925579e3e1!8m2!3d28.7008291!4d77.1024176!16s%2Fg%2F11bz0ltz_m!19sChIJlTf0ggAEDTkR4eN5VZKA048?authuser=0&hl=en&rclk=1,Anpurna Super Store
JHZq9GjkBDTkRJOJxsiiS_Q4," shop no 8 maharaja aggarsen shopping complex, Sector 9, Rohini, New Delhi, Delhi 110085 Located in: Maharja Agrasen Shopping Complex",Grocery store, 097113 88585,28.7126401,77.1219011,https://www.google.com/maps/place/nice+store/data=!4m7!3m6!1s0x390d01391abd9a1d:0xefd9228b271e224!8m2!3d28.7126401!4d77.1219011!16s%2Fg%2F11sgnwqc12!19sChIJHZq9GjkBDTkRJOJxsiiS_Q4?authuser=0&hl=en&rclk=1,nice store
J-TWEuxoBDTkRoQGimwWPkNI," DC Chowk, Razapur, Sector 9, Rohini, Delhi, 110085",Grocery store, 088602 37575,28.7183616,77.1251542,https://www.google.com/maps/place/Rajmandir+Hypermarket+DC+CHOWK/data=!4m7!3m6!1s0x390d011abb8435f9:0xd2908f059ba201a1!8m2!3d28.7183616!4d77.1251542!16s%2Fg%2F11sd1zyt98!19sChIJ-TWEuxoBDTkRoQGimwWPkNI?authuser=0&hl=en&rclk=1,Rajmandir Hypermarket DC CHOWK
J_bSZ-E8BDTkRUU-3pZwt5Rs," City Centre Mall, Sector 10, Rohini, Delhi, 110085 Floor 0 · City Centre Rohini",Home goods store, 093118 30202,28.7169056,77.1143439,https://www.google.com/maps/place/Market99/data=!4m7!3m6!1s0x390d014ff899b4fd:0x1be52d9ca5b74f51!8m2!3d28.7169056!4d77.1143439!16s%2Fg%2F119wc5zhd!19sChIJ_bSZ-E8BDTkRUU-3pZwt5Rs?authuser=0&hl=en&rclk=1,Market99
JRXeZbhMBDTkRkUPM7FhtPN8," C-5/40, North, Sector 15, Pocket 5, Sector 15C, Rohini, New Delhi, Delhi, 110089",General store, 084473 88785,28.731657,77.132281,https://www.google.com/maps/place/Gupta+Store/data=!4m7!3m6!1s0x390d01136e997745:0xdf3c6d58eccc4391!8m2!3d28.731657!4d77.132281!16s%2Fg%2F1hm3xk0t_!19sChIJRXeZbhMBDTkRkUPM7FhtPN8?authuser=0&hl=en&rclk=1,Gupta Store
JE9CEENgBDTkRpy-mhhJvs3Y," Ground Floor, Main Entrance Gate, City Center Mall, Near Van Heusen, Sector 10, Rohini, New Delhi, Delhi 110085 Floor 0 · City Centre Rohini",Organic shop, 080 3776 2740,28.7170063,77.1140416,"https://www.google.com/maps/place/Organic+India+Store+-+Rohini,+New+Delhi/data=!4m7!3m6!1s0x390d01d81084d013:0x76b36f1286a62fa7!8m2!3d28.7170063!4d77.1140416!16s%2Fg%2F11kgp4wf8t!19sChIJE9CEENgBDTkRpy-mhhJvs3Y?authuser=0&hl=en&rclk=1","Organic India Store - Rohini, New Delhi"
JTZoKOn8BDTkR3WzQr6BSDiQ," Sardaran Di Hatti, Block FD, Dakshini Pitampura, Pitampura, New Delhi, Delhi, 110034",Grocery store, 084475 58584,28.7029837,77.1364963,https://www.google.com/maps/place/Sardaran+Di+Hatti/data=!4m7!3m6!1s0x390d017f3a0a9a4d:0x240e52a0afd06cdd!8m2!3d28.7029837!4d77.1364963!16s%2Fg%2F1tk8lzpx!19sChIJTZoKOn8BDTkR3WzQr6BSDiQ?authuser=0&hl=en&rclk=1,Sardaran Di Hatti
J1bJ9V1EBDTkRRER1hrMDkRc," B 2 / 159, Sector 6, Rohini, New Delhi, Delhi 110085",Organic food store, 085868 70686,28.7111082,77.1084928,https://www.google.com/maps/place/SMB+Healthcare/data=!4m7!3m6!1s0x390d0151577db2d5:0x179103b386754444!8m2!3d28.7111082!4d77.1084928!16s%2Fg%2F11c5znj5kt!19sChIJ1bJ9V1EBDTkRRER1hrMDkRc?authuser=0&hl=en&rclk=1,SMB Healthcare
JV2L9hiYHDTkR77kdiFkKPnE," Plot No. 25, Ground Floor, Pocket 14, Sector-24, Rohini, New Delhi, Delhi, 110085",Indian grocery store, 096546 11714,28.7267229,77.0909491,https://www.google.com/maps/place/Patanjali+Store/data=!4m7!3m6!1s0x390d072686fd6257:0x713e0a59881db9ef!8m2!3d28.7267229!4d77.0909491!16s%2Fg%2F11rxnhf_r2!19sChIJV2L9hiYHDTkR77kdiFkKPnE?authuser=0&hl=en&rclk=1,Patanjali Store
Jg_qJn6sGDTkRuyIICVlBXt4," L139, street no. 17, Vijay Vihar Phase II, Sector 4, Pocket A, Sector 4, Rohini, Delhi, 110085",Supermarket, 080 4896 5118,28.7089125,77.0990356,https://www.google.com/maps/place/Axis+Appliances/data=!4m7!3m6!1s0x390d06ab9f89fa83:0xde5e4159090822bb!8m2!3d28.7089125!4d77.0990356!16s%2Fg%2F11c562lpjs!19sChIJg_qJn6sGDTkRuyIICVlBXt4?authuser=0&hl=en&rclk=1,Axis Appliances
JUSIXWOsBDTkRV0Z9Dt3LYOo," C-11/33, Som Bazar Rd, Pocket 11, Sector 5, Rohini, New Delhi, Delhi, 110085",General store, 098734 21702,28.7144419,77.1055652,https://www.google.com/maps/place/Khushi+Dairy/data=!4m7!3m6!1s0x390d01eb58172251:0xea60cbdd0e7d4657!8m2!3d28.7144419!4d77.1055652!16s%2Fg%2F11j3tm3w6s!19sChIJUSIXWOsBDTkRV0Z9Dt3LYOo?authuser=0&hl=en&rclk=1,Khushi Dairy
Jc0rLMjIBDTkRaG_RvGGOnZE," Shop No. 36, Pocket-A1, Sector 6 Rd, near Ayodhya Chowk, near Pahal Nutrition, Pocket 1, Sector 6A, Rohini, New Delhi, Delhi, 110085",Cafe, 088603 84215,28.7078757,77.1089572,https://www.google.com/maps/place/CHEESY+CHARM/data=!4m7!3m6!1s0x390d013232cb4a73:0x919d8e61bcd16f68!8m2!3d28.7078757!4d77.1089572!16s%2Fg%2F11lv8k2ldn!19sChIJc0rLMjIBDTkRaG_RvGGOnZE?authuser=0&hl=en&rclk=1,CHEESY CHARM
JB-YDHj0BDTkRhBHBZMlJgBA," H1, 145, H-1 Sector 16, Sector 16H, Rohini, Delhi, 110089",Flour mill, 098183 76816,28.7387364,77.1225012,https://www.google.com/maps/place/SHRI+GIRIRAJ+FLOUR+MILL/data=!4m7!3m6!1s0x390d013d1e03e607:0x108049c964c11184!8m2!3d28.7387364!4d77.1225012!16s%2Fg%2F12ll6f5pv!19sChIJB-YDHj0BDTkRhBHBZMlJgBA?authuser=0&hl=en&rclk=1,SHRI GIRIRAJ FLOUR MILL
Jk5RSXlEBDTkR-s8-d3zdDP4," D, 6/17, Sector 6 Rd, Pocket 6, Sector 6D, Rohini, New Delhi, Delhi, 110085",Sweet shop, 098977 86407,28.7101548,77.1090709,https://www.google.com/maps/place/Bikaner+Namkeen/data=!4m7!3m6!1s0x390d01515e529493:0xfe0cdd7c773ecffa!8m2!3d28.7101548!4d77.1090709!16s%2Fg%2F1hm4zdqkg!19sChIJk5RSXlEBDTkR-s8-d3zdDP4?authuser=0&hl=en&rclk=1,Bikaner Namkeen
JOdtXluADDTkR3WicKUgG-j8," Shop No. 5, Block – F, Pocket No.19, Pocket 19, Sector 8, Rohini, New Delhi, Delhi, 110085",Convenience store, 011 4748 1253,28.7000004,77.1184309,https://www.google.com/maps/place/24SEVEN/data=!4m7!3m6!1s0x390d03e09657db39:0x3ffa0648299c68dd!8m2!3d28.7000004!4d77.1184309!16s%2Fg%2F11gfbdlbhr!19sChIJOdtXluADDTkR3WicKUgG-j8?authuser=0&hl=en&rclk=1,24SEVEN
JY-ichJsBDTkRxVRjLysXJj4," A2, 22, Pocket 2, Sector 11, Rohini, New Delhi, Delhi, 110085",Grocery store, 079822 42481,28.7286181,77.1125789,https://www.google.com/maps/place/7+Days+Store+Sharp+Foods/data=!4m7!3m6!1s0x390d019b849ce863:0x3e26172b2f6354c5!8m2!3d28.7286181!4d77.1125789!16s%2Fg%2F11lqctzy61!19sChIJY-ichJsBDTkRxVRjLysXJj4?authuser=0&hl=en&rclk=1,7 Days Store Sharp Foods
JoeBj8FEBDTkRx6vcmZNcTDs," Sec 8, Block A, Rohini, New Delhi, Delhi 110085",Supermarket, 097117 65919,28.7153524,77.1088077,https://www.google.com/maps/place/Queekshop+Pvt.+Ltd./data=!4m7!3m6!1s0x390d0151f063e0a1:0x3b4c5c9399dcabc7!8m2!3d28.7153524!4d77.1088077!16s%2Fg%2F11f25cdw0h!19sChIJoeBj8FEBDTkRx6vcmZNcTDs?authuser=0&hl=en&rclk=1,Queekshop Pvt. Ltd.
JacNLbBL9DDkRbxRU-XplNgo," Khari Baoli, 403, A, Delhi, 110006",Dry Fruit Store, 011 2230 1990,28.6574057,77.2219127,https://www.google.com/maps/place/DilliGrocery+%28Ram+Narain+Prem+Narain%29/data=!4m7!3m6!1s0x390cfd126c4bc369:0xa36657af954146f!8m2!3d28.6574057!4d77.2219127!16s%2Fg%2F1twyxxxw!19sChIJacNLbBL9DDkRbxRU-XplNgo?authuser=0&hl=en&rclk=1,DilliGrocery (Ram Narain Prem Narain)
J8zhPi239DDkRkve-8TJpICc," 611, Daulat Ram Marg, Deputy Ganj, Narain Market, Sadar Bazaar, Delhi, 110006",Supermarket, 098911 22587,28.6595191,77.2124718,https://www.google.com/maps/place/Sadar+Bazar/data=!4m7!3m6!1s0x390cfd6d8b4f38f3:0x27206932f1bef792!8m2!3d28.6595191!4d77.2124718!16s%2Fg%2F11cssw9c40!19sChIJ8zhPi239DDkRkve-8TJpICc?authuser=0&hl=en&rclk=1,Sadar Bazar
JOQzvI1r9DDkRlC-74usUGpo," Gol hatti ke samne, Bhawani Shankar Phool Mandi, 139 Ground Floor, Chatta, Paranthe Wali Gali, near hotel Shanti niwas, Kucha Ghasiram, Delhi, 110006",Gourmet grocery store, 081071 67018,28.6574155,77.2232416,https://www.google.com/maps/place/Arvind+udyog+surbhi+churan+%26+aam+papad/data=!4m7!3m6!1s0x390cfd5a23ef0c39:0x9a1a14ebe2bb2f94!8m2!3d28.6574155!4d77.2232416!16s%2Fg%2F11srjgh11t!19sChIJOQzvI1r9DDkRlC-74usUGpo?authuser=0&hl=en&rclk=1,Arvind udyog surbhi churan & aam papad
Jd2FZj_b9DDkROuDatCot07I," 1643, Lal Kuan Bazar, Chandni Chowk, New Delhi, Delhi, 110006",Supermarket, 099999 53225,28.6521452,77.2225216,https://www.google.com/maps/place/MS+Foods/data=!4m7!3m6!1s0x390cfdf68f596177:0xb2d32d2ab4dae03a!8m2!3d28.6521452!4d77.2225216!16s%2Fg%2F11d_1mfffy!19sChIJd2FZj_b9DDkROuDatCot07I?authuser=0&hl=en&rclk=1,MS Foods
JV0Q1MF79DDkR7Ma0_mhJdro," 7/571, Police Station, 926/7, Shradhanand Marg, Shardhanand Market, Farash Khana, Lahori Gate, Delhi, 110006",Food products supplier, 084481 00110,28.6536699,77.220071,https://www.google.com/maps/place/Veganic+Mart/data=!4m7!3m6!1s0x390cfd5e30354457:0xba764968feb4c6ec!8m2!3d28.6536699!4d77.220071!16s%2Fg%2F11rfnc5z7s!19sChIJV0Q1MF79DDkR7Ma0_mhJdro?authuser=0&hl=en&rclk=1,Veganic Mart
JG8uiPRn9DDkRXjmvlngeoK8," 2187, Kinari Bazar Rd, Katra Shah N Shah, Old Delhi, New Delhi, Delhi, 110006",Market, 098738 84606,28.6547186,77.2332199,https://www.google.com/maps/place/Kinari+Bazar/data=!4m7!3m6!1s0x390cfd193da2cb1b:0xafa01e7896af395e!8m2!3d28.6547186!4d77.2332199!16s%2Fg%2F1yw0_qws8!19sChIJG8uiPRn9DDkRXjmvlngeoK8?authuser=0&hl=en&rclk=1,Kinari Bazar
J3RtyaxL9DDkRQ5gRLVHOtQQ," 6538-39, Khari Baoli Rd, Fatehpuri, Chandni Chowk, Delhi, 110006",General store, 083685 10841,28.6569747,77.2216543,https://www.google.com/maps/place/Pindi+Kirana+Store/data=!4m7!3m6!1s0x390cfd126b721bdd:0x4b5ce512d119843!8m2!3d28.6569747!4d77.2216543!16s%2Fg%2F1tjv1ws0!19sChIJ3RtyaxL9DDkRQ5gRLVHOtQQ?authuser=0&hl=en&rclk=1,Pindi Kirana Store
JmbenTxr9DDkRnh4rkXNRUEc," 2932, 6, Kinari Bazar, Dharam Pura, Chandni Chowk, New Delhi, Delhi, 110006",Indian grocery store, 098100 56452,28.65536,77.2313007,https://www.google.com/maps/place/KEDARA+MASALA/data=!4m7!3m6!1s0x390cfd1a4fa7b799:0x47505173912b1e9e!8m2!3d28.65536!4d77.2313007!16s%2Fg%2F11pzrz28k1!19sChIJmbenTxr9DDkRnh4rkXNRUEc?authuser=0&hl=en&rclk=1,KEDARA MASALA
JX23ekxH9DDkR-ja4Bq_XyCU," Khari Baoli Rd, Fatehpuri, Chandni Chowk, Delhi, 110006",Dry Fruit Store, 093130 80313,28.6569768,77.2231696,https://www.google.com/maps/place/Purani+Dilli+Se/data=!4m7!3m6!1s0x390cfd1193de6d5f:0x25c8d7af06b836fa!8m2!3d28.6569768!4d77.2231696!16s%2Fg%2F11gfnh04x_!19sChIJX23ekxH9DDkR-ja4Bq_XyCU?authuser=0&hl=en&rclk=1,Purani Dilli Se
J2RuvoxL9DDkRXBk5BBHR_g8," 6704, Outside Naya Bas, Khari Baoli, Old Delhi, Delhi, 110006",Grocery store, 098102 20823,28.656977,77.2202527,https://www.google.com/maps/place/Faqir+Chand+%26+Sons+%28Dryfruit+Store%29/data=!4m7!3m6!1s0x390cfd12a3af1bd9:0xffed1110439195c!8m2!3d28.656977!4d77.2202527!16s%2Fg%2F11bychbcyf!19sChIJ2RuvoxL9DDkRXBk5BBHR_g8?authuser=0&hl=en&rclk=1,Faqir Chand & Sons (Dryfruit Store)
J06qsmAn9DDkR0RdMDcGyuik," Inter State Bus Terminal, Kashmere Gate, Delhi, 110006",Supermarket, 088609 46101,28.6672646,77.224779,https://www.google.com/maps/place/Shree+Shyam+Mawa+Bhandar/data=!4m7!3m6!1s0x390cfd0998acaad3:0x29bab2c10d4c17d1!8m2!3d28.6672646!4d77.224779!16s%2Fg%2F11cllm6t7s!19sChIJ06qsmAn9DDkR0RdMDcGyuik?authuser=0&hl=en&rclk=1,Shree Shyam Mawa Bhandar
J9ZVlo3H9DDkRAAAA0JLGp2A," 4060, Chawri Bazar, Chandni Chowk, Delhi, 110006",Grocery store, 098733 33729,28.6513322,77.2296463,https://www.google.com/maps/place/Gogia+Creationzzz/data=!4m7!3m6!1s0x390cfd71a36595f5:0x60a7c692d0000000!8m2!3d28.6513322!4d77.2296463!16s%2Fg%2F11s0fkbr72!19sChIJ9ZVlo3H9DDkRAAAA0JLGp2A?authuser=0&hl=en&rclk=1,Gogia Creationzzz
Jh1heIBL9DDkRpY4RfblwRqQ," Shop No.6502, Fatehpuri Chowk, Khari Baoli Rd, Fatehpuri, Chandni Chowk, New Delhi, Delhi 110006",Grocery store, 099116 18182,28.6566396,77.2231579,https://www.google.com/maps/place/Lahore+Dry+Fruits+Store/data=!4m7!3m6!1s0x390cfd12205e5887:0xa44670b97d118ea5!8m2!3d28.6566396!4d77.2231579!16s%2Fg%2F12hn4ymhr!19sChIJh1heIBL9DDkRpY4RfblwRqQ?authuser=0&hl=en&rclk=1,Lahore Dry Fruits Store
J5cmuhRL9DDkReKKJUG8TYys," 1868, Kucha Chelan, Naya Bans, Naya Bazar, Khari Baoli, Chandni Chowk, Delhi, 110006",Food manufacturer, 095996 19091,28.657426,77.2198828,"https://www.google.com/maps/place/Amawat+-+SFS+%26+Co.+-+Manufacturer+%26+Retailer+of+Mukhwas,+Mouth+Freshener,+Aam+Papad,+Saunf+in+India/data=!4m7!3m6!1s0x390cfd1285aec9e5:0x2b63136f5089a278!8m2!3d28.657426!4d77.2198828!16s%2Fg%2F11khl0rwky!19sChIJ5cmuhRL9DDkReKKJUG8TYys?authuser=0&hl=en&rclk=1","Amawat - SFS & Co. - Manufacturer & Retailer of Mukhwas, Mouth Freshener, Aam Papad, Saunf in India"
JySI60Uz9DDkR7V0H56OD-go," Pandit Pant Marg Area, Sansad Marg Area, New Delhi, Delhi 110001",Grocery store, 011 2905 1908,28.623248,77.2082126,https://www.google.com/maps/place/Kendriya+Bhandar/data=!4m7!3m6!1s0x390cfd4cd13a22c9:0xafa83a3e7075ded!8m2!3d28.623248!4d77.2082126!16s%2Fg%2F11cn06_70n!19sChIJySI60Uz9DDkR7V0H56OD-go?authuser=0&hl=en&rclk=1,Kendriya Bhandar
Jc9DyW2P9DDkRGRbzBctHoqY," 7727, New Market, New Rohtak Rd, near Liberty Cinema, Block 21 B, Dev Nagar, Karol Bagh, New Delhi, Delhi 110005",Dry Fruit Store, 098100 10525,28.6578397,77.1887765,https://www.google.com/maps/place/Bellanuts+Dry+Fruits+%26+Spices+Shop+%7C+Anand+Bhandar/data=!4m7!3m6!1s0x390cfd635bf2d073:0xa6a247cb05f31619!8m2!3d28.6578397!4d77.1887765!16s%2Fg%2F11b75hyy6f!19sChIJc9DyW2P9DDkRGRbzBctHoqY?authuser=0&hl=en&rclk=1,Bellanuts Dry Fruits & Spices Shop | Anand Bhandar
J____zx79DDkRDpwwf2_2L-0," Shop No. 3858, 3rd Floor, Khirki Tafazul Hussain, Jama Masjid, Delhi, 110006",Grocery store, 080761 55486,28.6515325,77.2353367,https://www.google.com/maps/place/Al+Habib+Departmental+Store/data=!4m7!3m6!1s0x390cfd1ecfffffff:0xed2ff66f7f309c0e!8m2!3d28.6515325!4d77.2353367!16s%2Fg%2F11t4_j5s99!19sChIJ____zx79DDkRDpwwf2_2L-0?authuser=0&hl=en&rclk=1,Al Habib Departmental Store
J7UI0fE__DDkRsokTeFuIpnc," 15, Sant Nagar Marg, Block B, Sant Nagar, Burari, Delhi, 110084",Grocery store, 093112 39211,28.7437209,77.198262,https://www.google.com/maps/place/Rajmandir+Hypermarket+Burari/data=!4m7!3m6!1s0x390cff4f7c3442ed:0x77a6885b781389b2!8m2!3d28.7437209!4d77.198262!16s%2Fg%2F11mpgp4k16!19sChIJ7UI0fE__DDkRsokTeFuIpnc?authuser=0&hl=en&rclk=1,Rajmandir Hypermarket Burari
Jx4C27Rr_DDkRTxDyfawUX_A," kh no :830/1/2/2,830/2/2 831/1 extended lal dora village, Sant Nagar Marg, Upakar Colony, Burari, New Delhi, Delhi 110084",Indian grocery store, 1800 102 3171,28.7505892,77.1988346,https://www.google.com/maps/place/Max+Bazaar/data=!4m7!3m6!1s0x390cff1aedb680c7:0xf05f14ac7df2104f!8m2!3d28.7505892!4d77.1988346!16s%2Fg%2F11h_vy97h3!19sChIJx4C27Rr_DDkRTxDyfawUX_A?authuser=0&hl=en&rclk=1,Max Bazaar
JRSegF5X_DDkR3O8GFCLsQYY," D-5,Hardev Nagar ,Burari, Jharoda Burari Marg, Bhagwan Park, Laldora, Jharoda, Jharoda Majra Burari, Delhi, 110084",Supermarket, 070532 67267,28.7289768,77.2037799,https://www.google.com/maps/place/The+Family+Mart/data=!4m7!3m6!1s0x390cff9517a02745:0x8641ec221406efdc!8m2!3d28.7289768!4d77.2037799!16s%2Fg%2F11kdn12dzw!19sChIJRSegF5X_DDkR3O8GFCLsQYY?authuser=0&hl=en&rclk=1,The Family Mart
J9zdgtE3_DDkRtYzCXCaomA8," Labour Chowk 876 Labour Chowk, Burari, Delhi, 110084",Supermarket, 070111 37350,28.7446963,77.1983011,https://www.google.com/maps/place/JR+MART/data=!4m7!3m6!1s0x390cff4db46037f7:0xf98a8265cc28cb5!8m2!3d28.7446963!4d77.1983011!16s%2Fg%2F11s8wd1lcd!19sChIJ9zdgtE3_DDkRtYzCXCaomA8?authuser=0&hl=en&rclk=1,JR MART
JhdL8ny8ADTkRhmwJXpR8auI," vashisth vihar, Uttrakhand Colony, Kaushik Enclave, Shankarpura, Burari, Delhi, 110084",Grocery store, 072909 76390,28.7680426,77.1857843,https://www.google.com/maps/place/Kaushalya+Mart/data=!4m7!3m6!1s0x390d002f9ffcd285:0xe26a7c945e096c86!8m2!3d28.7680426!4d77.1857843!16s%2Fg%2F11c37qqz0p!19sChIJhdL8ny8ADTkRhmwJXpR8auI?authuser=0&hl=en&rclk=1,Kaushalya Mart
JJe8DOX__DDkRVMHwe3GCpiA," Batra Gali, A-1 Block Extension, Block B, Sant Nagar, Burari, Delhi, 110084",Grocery store, 098182 08783,28.7413161,77.1994227,https://www.google.com/maps/place/JAIN+STORE/data=!4m7!3m6!1s0x390cff7f3903ef25:0x20a682717bf0c154!8m2!3d28.7413161!4d77.1994227!16s%2Fg%2F11gmcdkb4j!19sChIJJe8DOX__DDkRVMHwe3GCpiA?authuser=0&hl=en&rclk=1,JAIN STORE
JDfvu8yX-DDkRve4fl1VU1Gs," Main Market, 25 Feet Rd, near Khushal chowk, opposite to street 113, Parvatiya Anchal, Satya Vihar, Sant Nagar, Burari, Delhi, 110084",General store, 099104 48961,28.7475151,77.2015196,https://www.google.com/maps/place/Arora+Store/data=!4m7!3m6!1s0x390cfe25f3eefb0d:0x6bd45455971feebd!8m2!3d28.7475151!4d77.2015196!16s%2Fg%2F1hc6tgv44!19sChIJDfvu8yX-DDkRve4fl1VU1Gs?authuser=0&hl=en&rclk=1,Arora Store
Jx0Nj6Cb-DDkRVyZAtoy26_E," OPP BHAGAT COLONY GATE, MAIN, 100 Feet Rd, Sant Nagar, Burari, New Delhi, Delhi, 110084",Hypermarket, 072178 87901,28.7439774,77.197884,https://www.google.com/maps/place/Vishal+Mega+Mart/data=!4m7!3m6!1s0x390cfe26e86343c7:0xf1ebb68cb6402657!8m2!3d28.7439774!4d77.197884!16s%2Fg%2F11cm06lsb3!19sChIJx0Nj6Cb-DDkRVyZAtoy26_E?authuser=0&hl=en&rclk=1,Vishal Mega Mart
J9Z6Z6y7-DDkRo76yEuRW9bU," Prem Nagar, Baba Colony, Burari, Delhi, 110084",Supermarket, 078381 47142,28.75236,77.2014324,https://www.google.com/maps/place/Uday+Traders/data=!4m7!3m6!1s0x390cfe2eeb999ef5:0xb5f556e412b2bea3!8m2!3d28.75236!4d77.2014324!16s%2Fg%2F11fx91lbgh!19sChIJ9Z6Z6y7-DDkRo76yEuRW9bU?authuser=0&hl=en&rclk=1,Uday Traders
J3yOL1zgADTkRWZgWvOTv_6M," Budh Bazar, DCM Colony, D-Block, Nathupura, Burari, Delhi, 110036",Supermarket, 085100 00974,28.773401,77.1742454,https://www.google.com/maps/place/Supermarket/data=!4m7!3m6!1s0x390d0038d78b23df:0xa3ffefe4bc169859!8m2!3d28.773401!4d77.1742454!16s%2Fg%2F11c509k51s!19sChIJ3yOL1zgADTkRWZgWvOTv_6M?authuser=0&hl=en&rclk=1,Supermarket
JscsqK1kBDTkRHcPUICr9hdg," Garhi Khasru, Shankarpura, Burari, Delhi, 110084",Indian grocery storeOpen ⋅ Closes 9:30 pm, 073031 05868,28.7702168,77.1892129,https://www.google.com/maps/place/Tarun+Traders/data=!4m7!3m6!1s0x390d01592b2acbb1:0xd885fd2a20d4c31d!8m2!3d28.7702168!4d77.1892129!16s%2Fg%2F11fm7f07bl!19sChIJscsqK1kBDTkRHcPUICr9hdg?authuser=0&hl=en&rclk=1,Tarun Traders
JhQF8Ih3_DDkR6XVcgGaYekc," 1 Block, Kh No.19/4/1A, 100 Feet Rd, near Police Station, Sant Nagar Extension, Sant Nagar, Burari, Delhi, 110084",Grocery store, 087997 22514,28.7359809,77.1975374,https://www.google.com/maps/place/Mega+Store/data=!4m7!3m6!1s0x390cff1d227c0185:0x477a9866805c75e9!8m2!3d28.7359809!4d77.1975374!16s%2Fg%2F11gxgzcnhh!19sChIJhQF8Ih3_DDkR6XVcgGaYekc?authuser=0&hl=en&rclk=1,Mega Store
JF4S0VgQBDTkR7tGcuu0J9IA," A block, Burari - Swaroop Nagar Rd, Kaushik Enclave, New Delhi, Delhi 110084",Indian grocery store, 1800 202 1911,28.7583857,77.1850218,https://www.google.com/maps/place/Vishal+kirana+store/data=!4m7!3m6!1s0x390d010456b48417:0x80f409edba9cd1ee!8m2!3d28.7583857!4d77.1850218!16s%2Fg%2F11mvw32q7t!19sChIJF4S0VgQBDTkR7tGcuu0J9IA?authuser=0&hl=en&rclk=1,Vishal kirana store
J7fQuQHUBDTkRFS7EDYR3_jo," Budh Bazar, DCM Colony, D-Block, Nathu Pura, Burari, Delhi, 110084",Grocery store, 095407 20190,28.7737233,77.1741864,https://www.google.com/maps/place/Super+Singhal+store/data=!4m7!3m6!1s0x390d0175402ef4ed:0x3afe77840dc42e15!8m2!3d28.7737233!4d77.1741864!16s%2Fg%2F11nxp00b8d!19sChIJ7fQuQHUBDTkRFS7EDYR3_jo?authuser=0&hl=en&rclk=1,Super Singhal store
JbZ2pwiv-DDkREe5owlE51Xo," Conductor Colony, Burari Garhi, Burari, Delhi, 110084",Indian grocery storeOpen ⋅ Closes 9 pm, 095823 38238,28.7541716,77.1988262,https://www.google.com/maps/place/Patanjali+Chikitsalay/data=!4m7!3m6!1s0x390cfe2bc2a99d6d:0x7ad53951c268ee11!8m2!3d28.7541716!4d77.1988262!16s%2Fg%2F11hbfk9dch!19sChIJbZ2pwiv-DDkREe5owlE51Xo?authuser=0&hl=en&rclk=1,Patanjali Chikitsalay
J3WTnLCH-DDkRVxymDKI1uzs," Kh No 37/20, Kaushik Enclave, 100 Feet Rd, A Block, Sant Nagar, Burari, New Delhi, Delhi, 110084",Indian grocery store, 098181 86884,28.7429614,77.1982364,https://www.google.com/maps/place/Patanjali+Mega+Store/data=!4m7!3m6!1s0x390cfe212ce764dd:0x3bbb35a20ca61c57!8m2!3d28.7429614!4d77.1982364!16s%2Fg%2F11j65ys67d!19sChIJ3WTnLCH-DDkRVxymDKI1uzs?authuser=0&hl=en&rclk=1,Patanjali Mega Store
JT8-MiNf_DDkRrpU4mSC33bQ," KH NO.777, Landmark Vashistha Dharam Kanta, Vijay Colony, Block B, Sant Nagar, Burari, Delhi, 110084",Supermarket, 098857 56458,28.7471681,77.1982179,https://www.google.com/maps/place/Baniya+Ki+Dukan+Private+Limited/data=!4m7!3m6!1s0x390cffd7888ccf4f:0xb4ddb720993895ae!8m2!3d28.7471681!4d77.1982179!16s%2Fg%2F11t7cnqlwy!19sChIJT8-MiNf_DDkRrpU4mSC33bQ?authuser=0&hl=en&rclk=1,Baniya Ki Dukan Private Limited
Jl_J2lmMBDTkRuT9kkTbpGTI," Q58M+GPX, Darshan Vihar Colony, A Block, Shankarpura, Burari, Delhi, 110084",Grocery store, 078389 40279,28.7663624,77.1843446,https://www.google.com/maps/place/SRISHTI+PATANJALI+STORE/data=!4m7!3m6!1s0x390d01639676f297:0x3219e93691643fb9!8m2!3d28.7663624!4d77.1843446!16s%2Fg%2F11hy_yszc5!19sChIJl_J2lmMBDTkRuT9kkTbpGTI?authuser=0&hl=en&rclk=1,SRISHTI PATANJALI STORE
JVYeHbkP_DDkRydzcsgdSAKM," Takiya chowk, near PNB, Burari, Delhi, 110084",Indian grocery store, 097187 17873,28.7564537,77.1993282,https://www.google.com/maps/place/Tyagi+General+Store+and+Stationery+Shop/data=!4m7!3m6!1s0x390cff436e878755:0xa3005207b2dcdcc9!8m2!3d28.7564537!4d77.1993282!16s%2Fg%2F11g0vzg2r9!19sChIJVYeHbkP_DDkRydzcsgdSAKM?authuser=0&hl=en&rclk=1,Tyagi General Store and Stationery Shop
JFQ-Qhbj_DDkR1y62o_qYbPs," Khasra No 326, Burari Rd, opposite Union Bank Of India, Ajit Vihar, Burari Garhi, Burari, New Delhi, Delhi, 110084",Indian grocery store, 081301 74990,28.7582634,77.1946018,https://www.google.com/maps/place/Patanjali+Chikitsalay/data=!4m7!3m6!1s0x390cffb885900f15:0xfb6c98faa3b62ed7!8m2!3d28.7582634!4d77.1946018!16s%2Fg%2F11stxp9znx!19sChIJFQ-Qhbj_DDkR1y62o_qYbPs?authuser=0&hl=en&rclk=1,Patanjali Chikitsalay
Jf0d44iD-DDkRRt2QafpiRpY," 100 Feet Rd, A-2 Block, Block B, Sant Nagar, Burari, Delhi, 110084",Ayurvedic clinic, 099119 83120,28.7390907,77.1976616,https://www.google.com/maps/place/Patanjali+Chikitsalay/data=!4m7!3m6!1s0x390cfe20e278477f:0x964662fa6990dd46!8m2!3d28.7390907!4d77.1976616!16s%2Fg%2F12hlrxlb0!19sChIJf0d44iD-DDkRRt2QafpiRpY?authuser=0&hl=en&rclk=1,Patanjali Chikitsalay
JsWNCKy7-DDkRDH8ose-gDis," G No, 1 Block, KH. No. 139, 19, A, Sant Nagar Marg, Burari, New Delhi, Delhi 110084",Hypermarket, 083682 16847,28.7584973,77.1940266,https://www.google.com/maps/place/JAi_e+Hypermarket/data=!4m7!3m6!1s0x390cfe2e2b4263b1:0x2b0ea0efb1287f0c!8m2!3d28.7584973!4d77.1940266!16s%2Fg%2F11khvpdtfb!19sChIJsWNCKy7-DDkRDH8ose-gDis?authuser=0&hl=en&rclk=1,JAi_e Hypermarket
JWZzucYD9DDkRcoSo-2nC6tY," 53, Gali, 10, Vasdev Nagar, Basant Nagar, Partap Nagar, Gulabi Bagh, Delhi, 110007",Indian grocery store, 097174 56072,28.6690978,77.1953575,https://www.google.com/maps/place/Jaiswal%27s+Grocery+Shop/data=!4m7!3m6!1s0x390cfd8071ee9c59:0xd6eac269fba88472!8m2!3d28.6690978!4d77.1953575!16s%2Fg%2F11c0rmnfyc!19sChIJWZzucYD9DDkRcoSo-2nC6tY?authuser=0&hl=en&rclk=1,Jaiswal's Grocery Shop
JbTaxawD9DDkRQOGv2yzXUrI," Madanlal Narula Marg, Block E, Kamla Nagar, Delhi, 110007 Located in: Narula Tent And Decorators",Supermarket, 082951 44055,28.6830479,77.2041687,https://www.google.com/maps/place/Wholesale+walaa/data=!4m7!3m6!1s0x390cfd006bb1366d:0xb252d72cdbafe140!8m2!3d28.6830479!4d77.2041687!16s%2Fg%2F11vwdr1hwn!19sChIJbTaxawD9DDkRQOGv2yzXUrI?authuser=0&hl=en&rclk=1,Wholesale walaa
JdbBgdYn9DDkRK58nwc_uO8E," 2\29, Block 2, Roop Nagar, New Delhi, Delhi, 110007",Grocery store, 098183 77000,28.6832172,77.1975796,https://www.google.com/maps/place/Ajay+Store/data=!4m7!3m6!1s0x390cfd897560b075:0xc13beecfc1279f2b!8m2!3d28.6832172!4d77.1975796!16s%2Fg%2F124ypym0g!19sChIJdbBgdYn9DDkRK58nwc_uO8E?authuser=0&hl=en&rclk=1,Ajay Store
J61s0MIn9DDkRMg-THk-6vb0," Aggarwal Departmental store, 2/2, Satyawati Marg, Block 2, Roop Nagar, Delhi, 110007",Indian grocery store, 093138 48350,28.6826414,77.1997469,https://www.google.com/maps/place/Aggarwal+departmental+store/data=!4m7!3m6!1s0x390cfd8930345beb:0xbdbdba4f1e930f32!8m2!3d28.6826414!4d77.1997469!16s%2Fg%2F1v1tlgkt!19sChIJ61s0MIn9DDkRMg-THk-6vb0?authuser=0&hl=en&rclk=1,Aggarwal departmental store
JlXe5IYj9DDkRQwfaR8mrHao," Ground Floor, Nagia Park, 30/6, Block 30, Shakti Nagar, New Delhi, Delhi, 110007",Indian grocery store, 093500 02627,28.6801297,77.1947093,https://www.google.com/maps/place/Patanjali+Mega+Store/data=!4m7!3m6!1s0x390cfd8821b97795:0xaa1dabc947da0743!8m2!3d28.6801297!4d77.1947093!16s%2Fg%2F11csqcgxs_!19sChIJlXe5IYj9DDkRQwfaR8mrHao?authuser=0&hl=en&rclk=1,Patanjali Mega Store
J_2k5JIn9DDkRRWB__wWJzxc," 2/3 & 2/4, Block 2, Roop Nagar, Delhi, 110007",Department store, 084477 55718,28.6826121,77.1997871,https://www.google.com/maps/place/Satyawati+Drugs+%26+Departmental+Store/data=!4m7!3m6!1s0x390cfd89243969ff:0x17cf8905ff7f6045!8m2!3d28.6826121!4d77.1997871!16s%2Fg%2F1w344_n8!19sChIJ_2k5JIn9DDkRRWB__wWJzxc?authuser=0&hl=en&rclk=1,Satyawati Drugs & Departmental Store
Jw7aYCon9DDkRwHhP1kQVKzY," 2/29, Kamla Nagar, Roop Nagar, Delhi, 110007",Clothing store, 097111 25489,28.6831865,77.1975464,"https://www.google.com/maps/place/Vinayak+Sons+-+Original+Jockey+,+Grocery+and+Cosmetics+Store/data=!4m7!3m6!1s0x390cfd890a98b6c3:0x362b1544d64f78c0!8m2!3d28.6831865!4d77.1975464!16s%2Fg%2F11b7q04rfg!19sChIJw7aYCon9DDkRwHhP1kQVKzY?authuser=0&hl=en&rclk=1","Vinayak Sons - Original Jockey , Grocery and Cosmetics Store"
JszkEJ4j9DDkRw--963Prs8A," 27/28, Block, 27/28, Block, Inder Chandra Shastri Marg, Road, Shakti Nagar, Delhi, 110007",Grocery store, 098103 60770,28.679047,77.1936765,https://www.google.com/maps/place/Keventer+Store/data=!4m7!3m6!1s0x390cfd88270439b3:0xc0b3eb73ebbdefc3!8m2!3d28.679047!4d77.1936765!16s%2Fg%2F1ptwm8n2n!19sChIJszkEJ4j9DDkRw--963Prs8A?authuser=0&hl=en&rclk=1,Keventer Store
JD1BQWI8CDTkRdv4713U_jus," Shakti Nagar Chowk, 115-A Kamla Nagar, Bichha Mal Building, Delhi 110007",Gourmet grocery store, 099904 86802,28.6816358,77.1987573,https://www.google.com/maps/place/Pachranga+Achar/data=!4m7!3m6!1s0x390d028f5850500f:0xeb8e3f75d73bfe76!8m2!3d28.6816358!4d77.1987573!16s%2Fg%2F1pp2tsd6s!19sChIJD1BQWI8CDTkRdv4713U_jus?authuser=0&hl=en&rclk=1,Pachranga Achar
J13WHOsH9DDkRqmyXoBXPDfs," Shop No 2, near Shiv Mandir, Block 22, Shakti Nagar, Delhi, 110007",Produce market, 093118 73126,28.6799364,77.1977096,https://www.google.com/maps/place/FRUITFULLY/data=!4m7!3m6!1s0x390cfdc13a8775d7:0xfb0dcf15a0976caa!8m2!3d28.6799364!4d77.1977096!16s%2Fg%2F11rb0yz9xp!19sChIJ13WHOsH9DDkRqmyXoBXPDfs?authuser=0&hl=en&rclk=1,FRUITFULLY
J3w8_hvj9DDkRC5LvhMXMjN8," A-1/1, Block B, Model Town Phase I, Model Town, New Delhi, Delhi, 110009",Grocery store, 011 4564 4999,28.7046242,77.1951617,https://www.google.com/maps/place/Mithala+Haat/data=!4m7!3m6!1s0x390cfdf8863f0fdf:0xdf8cccc584ef920b!8m2!3d28.7046242!4d77.1951617!16s%2Fg%2F11fy4kv26n!19sChIJ3w8_hvj9DDkRC5LvhMXMjN8?authuser=0&hl=en&rclk=1,Mithala Haat
J0ewLpIr9DDkRB92OGGwEfA0," G.FLOOR, 85, Rajpura, Kalyan Vihar, New Delhi, Delhi, 110007",Grocery store, 098100 62276,28.6865642,77.1980622,https://www.google.com/maps/place/RAJA+NAMKEEN+UDYOG/data=!4m7!3m6!1s0x390cfd8aa40becd1:0xd7c046c188edd07!8m2!3d28.6865642!4d77.1980622!16s%2Fg%2F11b77g7yny!19sChIJ0ewLpIr9DDkRB92OGGwEfA0?authuser=0&hl=en&rclk=1,RAJA NAMKEEN UDYOG
J-dyBYMP9DDkRmvfrWrR6nng," 161 Rajpura, Gurmandi, Kalyan Vihar, Delhi, 110007",Grocery store, 081306 09955,28.6883624,77.1966821,https://www.google.com/maps/place/Poshtik+fresh+atta+chakki/data=!4m7!3m6!1s0x390cfdc36081dcf9:0x789e7ab45aebf79a!8m2!3d28.6883624!4d77.1966821!16s%2Fg%2F11m_k39y1p!19sChIJ-dyBYMP9DDkRmvfrWrR6nng?authuser=0&hl=en&rclk=1,Poshtik fresh atta chakki
J54JjfYMCDTkRk5G0CP0SRLg," 51/2, New Rohtak Rd, Near Liberty Cinema, Block 51, P&T Quarters, Karol Bagh, New Delhi, Delhi, 110005",Grocery store, 088003 04378,28.6575247,77.1889585,https://www.google.com/maps/place/Raj+Di+Chakki/data=!4m7!3m6!1s0x390d02837d6382e7:0xb84412fd08b49193!8m2!3d28.6575247!4d77.1889585!16s%2Fg%2F11f4qd7trv!19sChIJ54JjfYMCDTkRk5G0CP0SRLg?authuser=0&hl=en&rclk=1,Raj Di Chakki
Jd5MYY8H9DDkRfgBO9SU3eFE," 100, Mc Donald, opposite MOMOS’ POINT, Block UB, Jawahar Nagar, Kamla Nagar, Delhi, 110007",Tibetan, 096674 42646,28.6807865,77.2070717,https://www.google.com/maps/place/Laphing+Wala/data=!4m7!3m6!1s0x390cfdc163189377:0x51783725f54e007e!8m2!3d28.6807865!4d77.2070717!16s%2Fg%2F11h63h1cyf!19sChIJd5MYY8H9DDkRfgBO9SU3eFE?authuser=0&hl=en&rclk=1,Laphing Wala
J2bWPBBYCDTkRkuKn9i9WMJg," B4, II 33A, Ashok Vihar II, Phase 3, Ashok Vihar, Delhi, 110052",Sweet shop, 098219 91318,28.694477,77.178773,https://www.google.com/maps/place/Kanwarji%E2%80%98s/data=!4m7!3m6!1s0x390d0216048fb5d9:0x9830562ff6a7e292!8m2!3d28.694477!4d77.178773!16s%2Fg%2F11bw7179jc!19sChIJ2bWPBBYCDTkRkuKn9i9WMJg?authuser=0&hl=en&rclk=1,Kanwarji‘s
J3bYpf_wBDTkRGxDas1Ffq7Q," H 1 6, near Ganesh Chowk, Pocket 1, Sector 11, Rohini, Delhi, 110085",Organic food store, 072177 80299,28.733771,77.1114571,https://www.google.com/maps/place/Shudh+Aahar/data=!4m7!3m6!1s0x390d01fc7f29b6dd:0xb4ab5f51b3da101b!8m2!3d28.733771!4d77.1114571!16s%2Fg%2F11tss4cyxc!19sChIJ3bYpf_wBDTkRGxDas1Ffq7Q?authuser=0&hl=en&rclk=1,Shudh Aahar
JuWNB54r_DDkRp1dYWQBf9xQ," road 25, Foota Rd, near Khan vatika, Shani Bazar, Shiv Kunj, Sant Nagar, Burari, Delhi, 110084",Grocery store, 098108 56740,28.7355731,77.2074955,https://www.google.com/maps/place/Big+rashan+bazar/data=!4m7!3m6!1s0x390cff8ae74163b9:0x14f75f00595857a7!8m2!3d28.7355731!4d77.2074955!16s%2Fg%2F11j1jy2krn!19sChIJuWNB54r_DDkRp1dYWQBf9xQ?authuser=0&hl=en&rclk=1,Big rashan bazar
JjzExtCX-DDkRXGML_T8eEJ4," 25 FEET ROAD OPP. GALI NO-111 B-BLOCK SANT NAGAR (BURARI), Delhi, 110084",Indian grocery store, 099110 97757,28.7454213,77.2018973,https://www.google.com/maps/place/OM+JEE+AYURVEDIC/data=!4m7!3m6!1s0x390cfe25b431318f:0x9e101e3ffd0b635c!8m2!3d28.7454213!4d77.2018973!16s%2Fg%2F11f3jwp0qv!19sChIJjzExtCX-DDkRXGML_T8eEJ4?authuser=0&hl=en&rclk=1,OM JEE AYURVEDIC
